ID,Name,PhotoUrl
840188569,Cassandra Patterson,https://randomuser.me/api/portraits/women/61.jpg
124673947,Randy Griffin,https://randomuser.me/api/portraits/men/20.jpg
759504229,Savannah Baker,https://randomuser.me/api/portraits/women/90.jpg
125991649,Alicia Barrett,https://randomuser.me/api/portraits/women/38.jpg
763072878,Chester Graham,https://randomuser.me/api/portraits/men/7.jpg
98133011,Camila James,https://randomuser.me/api/portraits/women/60.jpg
440140329,Kathy Pearson,https://randomuser.me/api/portraits/women/11.jpg
21811422,Timmothy Fisher,https://randomuser.me/api/portraits/men/53.jpg
473413256,Gordon Knight,https://randomuser.me/api/portraits/men/90.jpg
803434064,Kirk Cole,https://randomuser.me/api/portraits/men/4.jpg
